,itr_id,q1,q2,q3,a_q1,a_q2,a_q3
0,-1,100.0,36.3636363636363,42.8571428571429,100.0,0.0,0.0
1,-2,18.1818181818182,100.0,42.8571428571429,0.0,100.0,0.0
2,-3,18.1818181818182,36.3636363636363,100.0,0.0,0.0,100.0
3,10,19.6428571428572,37.4999999999999,42.8571428571429,1.79,1.79,0.0
4,11,19.7111299915038,36.3636363636363,43.9252336448599,1.87,0.0,1.87
5,12,18.1818181818182,37.7321603128054,44.0860215053764,0.0,2.15,2.15
6,13,18.2453416149068,36.4130434782608,45.3416149068323,0.08,0.08,4.35
7,14,20.763375071144,36.3794820717131,42.8571428571429,3.16,0.02,0.0
8,15,18.2151921682379,38.9276649746192,42.8571428571429,0.04,4.03,0.0
